AdmissionNumber,IndexNumber,ExamMonth,ExamYear,DOB_on_rec,CandName_on_rec,CandName_provided,DOB_provided
262576,8880,November,2021,2007-10-19,Eric Hopkins,Eric Hopkisn,2007-10-20
987434,4249,November,2023,1999-10-08,Michael Bryant,Alyssa Bryant,1999-10-03
728162,6614,June,2020,2006-06-12,Erin Weaver DVM,Erin Weaver DVM Christopher,2006-06-12
484787,4531,June,2021,2006-02-05,Andrew Jackson,Andrew Jackson,2006-02-10
449051,6852,November,2021,2003-03-27,Gregory Diaz,Gregory Diaz,2003-03-22
134083,4346,November,2022,2004-05-18,Erin Herrera,Erin Herrera,2004-05-13
965053,4642,June,2019,2004-08-09,Terry Jackson,Cameron Jackson,2004-08-10
830061,1230,June,2015,2002-08-21,Amanda Benton,Benton Amanda,2002-08-26
611383,3164,November,2023,2003-07-20,William Brady,William,2003-07-15
457089,2864,June,2018,2001-07-03,Elizabeth Church,Mariah Church,2001-06-28
799655,6753,June,2017,2004-08-10,Kathryn Larson,Kathryn aLrson,2004-08-11
543967,5418,November,2021,2007-04-01,Danny Carter,Randy Carter,2007-04-02
286555,3171,June,2022,2006-05-20,Gabrielle Summers,gabrielle summers,2006-05-25
466400,9692,November,2018,2005-12-07,Justin Branch,justin branch,2005-12-12
709719,5406,June,2019,2007-11-28,Matthew Mcdonald,Matthew Mcdonald Jill,2007-11-29
357849,9020,November,2015,1999-10-24,Jamie Smith,Jamie Smiht,1999-10-24
785429,4296,November,2017,2001-09-28,Keith Mitchell,Daniel Mitchell,2001-09-29
546456,1694,November,2020,2002-06-08,Bryan Christian,Bryan,2002-06-13
174693,4758,November,2020,2007-11-25,Rita Cunningham,Rita Cunningham,2007-11-24
922378,3336,June,2021,2000-07-15,Jose Roman,Jose Roman Frank,2000-07-10
878825,3183,November,2021,2000-01-01,Michael Phelps,michael phelps,2000-01-02
512311,5707,November,2015,2000-04-21,Mrs. Kristina Beasley,Mrs. Kristina Beasley Henry,2000-04-20
412578,3709,June,2022,2006-01-29,Matthew Odom,Kevin Odom,2006-01-24
580316,1386,June,2017,2001-10-21,Breanna Moody,breanna moody,2001-10-22
725447,9513,June,2022,2004-06-30,John Martin,John Martin Courtney,2004-06-30
251553,9661,November,2016,2007-06-27,Daniel Rhodes,Daniel,2007-06-27
722499,8202,November,2022,2000-02-22,Justin Waters,Justin Waters,2000-02-27
984687,1040,June,2018,2001-11-30,Amy Lawson,Lawson Amy,2001-11-30
403943,6508,November,2016,2003-03-07,April Williamson,Jessica Williamson,2003-03-02
145841,1180,June,2019,2005-08-05,Cynthia Dawson,Cynthia Dawson,2005-07-31
371165,9333,November,2015,2006-11-10,Sergio Bradshaw,Sergio Bradshaw Philip,2006-11-10
758382,3577,November,2021,2008-04-24,Andrew Monroe,Andrew Monroe,2008-04-23
798570,6456,June,2017,2005-03-03,Edward Bishop,EDWARD BISHOP,2005-03-02
110726,6836,November,2018,2006-03-15,Linda Underwood DDS,linda underwood dds,2006-03-16
233483,9286,June,2022,2005-01-08,Christopher Mooney,Clayton Mooney,2005-01-08
951801,5109,November,2015,2000-01-14,Wendy Robinson,Wendy Robisnon,2000-01-15
378921,5609,June,2016,2006-06-04,William Martin,William Martin Francisco,2006-06-05
594998,2319,November,2021,2004-09-13,Michelle Barron,Crystal Barron,2004-09-13
941682,7450,November,2018,2003-10-01,Emily James,John James,2003-10-02
721939,4464,June,2018,2003-12-12,Jason Parks,Jason Parks Andrew,2003-12-13
905592,8795,November,2019,2006-08-24,Stephen Marquez IV,Stephen Marquez,2006-08-19
885906,5909,November,2015,2006-03-09,Larry Norris,Larry Norris,2006-03-14
534447,7587,November,2019,2005-06-14,Lance Simon,Lance Simon Daniel,2005-06-13
984662,6203,June,2018,2008-03-24,Debra Mullen,Debra Mullne,2008-03-29
731347,5687,June,2016,2002-09-26,David Meza,David Mzea,2002-09-21
102758,4980,June,2020,2002-04-09,Christina Castaneda,CHRISTINA CASTANEDA,2002-04-08
640321,7445,November,2020,2002-09-03,Melvin Moore,melvin moore,2002-09-04
765253,1566,June,2017,2003-08-01,Lisa Anderson,Lisa Anderson Eric,2003-08-06
368577,7621,November,2017,2005-02-25,Sarah Harmon,Patrick Harmon,2005-02-25
528984,7634,November,2020,2006-06-26,Kelsey Macdonald,Joseph Macdonald,2006-06-21
218070,2913,June,2017,2001-07-26,Dustin Moore,Dustin,2001-07-25
449199,5674,November,2016,2007-12-05,Antonio Hunter,Antonio Hunter,2007-12-06
320023,4156,November,2023,2000-12-03,Mark Johnson,Juan Johnson,2000-11-28
986510,2156,November,2019,1999-07-20,Kristen Matthews,Kristen,1999-07-25
771795,4698,November,2016,2007-01-17,Vanessa Fischer,Richard Fischer,2007-01-16
728711,1148,June,2023,2001-01-27,Mrs. Jessica Golden,Jessica Mrs. Golden,2001-01-27
182676,2478,November,2019,2007-03-21,Justin Gibson,JUSTIN GIBSON,2007-03-22
354873,1457,June,2015,2005-10-08,Joseph Moreno,Joseph oMreno,2005-10-03
689055,4637,June,2016,2007-12-10,Jasmine Thomas,jasmine thomas,2007-12-09
611535,3706,November,2022,2004-10-19,Donald Lynn,Donald,2004-10-19
770831,3360,June,2021,2008-04-03,Adrian Walker,Alexander Walker,2008-03-29
420364,4407,November,2019,2004-08-15,Robert Richmond,Robert Richmond Amy,2004-08-10
559339,6374,June,2022,2007-12-08,Kendra Diaz,Kendra Diaz,2007-12-09
601189,3861,June,2020,1999-12-18,Kathryn Ochoa,Kathryn Ochoa Nathaniel,1999-12-23
252385,5293,June,2021,2006-08-31,Todd Lopez,Lopez Todd,2006-08-31
452582,5918,November,2016,2006-04-12,Joseph Tapia,Joseph Tapia,2006-04-11
487121,9084,June,2020,1999-10-26,Thomas Sanders,thomas sanders,1999-10-25
469875,5979,June,2016,2005-06-02,Joshua Roberts,Roberts Joshua,2005-06-07
249447,7902,June,2020,2001-08-31,Yvette Marshall,Yvette Marshall,2001-08-30
241121,1722,November,2017,2000-07-14,Amber Johnson,Amebr Johnson,2000-07-13
389630,6581,June,2015,2008-04-29,Zachary Bean,Zachary Bean,2008-04-28
163039,3545,November,2018,2004-11-26,Scott Rice,Scott Rice Danny,2004-12-01
447695,9775,June,2017,2008-03-25,Raymond Harris,Raymond Harris,2008-03-25
807012,7990,June,2021,2000-10-31,Beth Sanchez,BETH SANCHEZ,2000-11-05
223780,6475,June,2022,2003-09-02,Angela Parker,Angela Parker Jordan,2003-09-03
792203,6666,June,2022,2007-02-26,Stephen Harrison,Harrison Stephen,2007-03-03
669731,6026,November,2022,2004-06-14,Linda Williams,Linda Williams,2004-06-09
546291,1606,November,2021,2003-01-30,Mariah Huff,MARIAH HUFF,2003-01-31
386366,8556,November,2022,2005-09-24,Tyler Hudson,TYLER HUDSON,2005-09-19
392320,2613,November,2017,2006-02-05,Stephanie Young,stephanie young,2006-01-31
364463,2839,November,2023,2006-05-11,Gina Mitchell,Gina,2006-05-11
621674,5107,November,2022,2002-10-11,Joseph Ramsey,Joseph,2002-10-16
588218,6003,June,2016,2001-02-07,Morgan Barry,Morgan Barry,2001-02-12
645500,5437,November,2018,2005-09-16,Eric Lopez,Eric Lopez Troy,2005-09-17
115446,3056,November,2021,1999-12-01,Natalie Roberts,NATALIE ROBERTS,1999-12-02
657203,3150,November,2021,2005-09-27,Manuel Nash,Manue lNash,2005-09-27
757185,8399,June,2022,2000-06-05,Jennifer Williams,JENNIFER WILLIAMS,2000-05-31
360409,3264,June,2016,2005-01-11,April Williams,APRIL WILLIAMS,2005-01-12
965618,9289,November,2017,2000-10-21,Jeremy Hays,Jeremy Hays,2000-10-26
940499,5504,November,2016,2001-02-13,Mr. Jaime Carpenter DDS,Mr. Jaime Carpenter DDS Kimberly,2001-02-14
873899,6760,November,2015,2006-11-18,Brandon Gonzalez,Brandno Gonzalez,2006-11-18
501767,8303,June,2023,2005-09-13,Jade Powell,jade powell,2005-09-12
761642,2607,November,2018,2000-06-01,Jennifer Washington,Jennifer Washington Brittany,2000-05-27
639500,7874,November,2016,2000-02-26,Anthony Olsen,Anthony Olsen,2000-02-26
684554,6453,June,2019,2000-10-24,Scott Gibbs,scott gibbs,2000-10-19
991747,1307,November,2019,2003-12-25,Dawn Medina,Dawn Medina Jason,2003-12-25
408959,1741,June,2017,2005-03-06,Marie Clark,Marie,2005-03-05
870565,4049,June,2017,2000-09-22,Joseph Edwards,JOSEPH EDWARDS,2000-09-17
934018,8447,June,2021,2005-05-26,Kevin Jordan,Megan Jordan,2005-05-27
668431,8090,November,2017,2001-05-03,Paula Walker,PaulaW alker,2001-05-03
657051,1916,June,2015,2000-02-08,Michael Diaz,michael diaz,2000-02-07
205390,9366,June,2016,2001-06-16,Nicole Harris,Joshua Harris,2001-06-16
502175,9137,November,2022,2001-05-10,Paula Shaw,Nicholas Shaw,2001-05-15
652678,7357,November,2019,2002-05-03,Daniel Garcia,DANIEL GARCIA,2002-05-02
426128,9883,November,2021,2005-07-03,Kristine Walter,Kristine Wlater,2005-06-28
597876,5815,November,2023,2006-09-05,Amber Hicks,Amber Hicks,2006-09-05
768270,9229,June,2021,2004-02-12,Deanna Rogers,Deanna Rogers,2004-02-17
839088,1884,June,2018,2001-02-12,Elizabeth Davila,Davila Elizabeth,2001-02-12
184846,5664,November,2019,2000-01-14,Erica Mccann,ERICA MCCANN,2000-01-14
968019,6291,June,2022,2005-11-09,Nathaniel Warner,nathaniel warner,2005-11-10
215117,6085,June,2021,2001-07-29,Shane Martin,Shane Martin,2001-08-03
833192,7909,June,2021,2000-01-26,Stephanie Arellano,Stephanie,2000-01-21
751822,7586,June,2022,1999-11-17,Sydney Johnson,Sydney Johnson Melissa,1999-11-12
677517,7053,November,2021,2000-12-27,Raymond Garcia,Ryamond Garcia,2000-12-28
400912,4217,November,2015,2005-06-10,Lisa Scott,lisa scott,2005-06-10
170367,6778,November,2020,1999-07-12,Michael Castillo,Michael,1999-07-07
210314,8992,June,2018,2003-07-16,Sean Dixon,Sean,2003-07-17
287962,8384,June,2021,2006-02-07,Gregory Wise,Gregory Wise Heather,2006-02-07
122022,9395,June,2020,2005-05-07,John Burns,JOHN BURNS,2005-05-06
663253,5041,June,2023,2004-12-14,Melissa Porter,Melissa Porter,2004-12-19
744261,2480,November,2017,2003-10-11,Julian Lewis,JULIAN LEWIS,2003-10-10
537575,6106,June,2019,2003-09-30,Stephanie Moses,stephanie moses,2003-09-29
438567,1085,June,2016,2003-01-21,Tamara Singh,Elijah Singh,2003-01-20
256871,8689,November,2022,2003-08-04,Connor Case,Connor Case Richard,2003-08-09
169436,5031,November,2017,2003-07-13,Jeremiah Phillips,JEREMIAH PHILLIPS,2003-07-14
612103,7654,November,2022,2005-01-19,Jeffrey Ellis,Jeffrey Ellis,2005-01-19
810452,8652,June,2020,2001-02-23,Chelsea Lopez,CHELSEA LOPEZ,2001-02-28
122081,3633,November,2022,2006-11-12,Michael Hill,Michael Hill,2006-11-13
819435,5464,June,2020,2004-09-14,Heather Prince,HEATHER PRINCE,2004-09-14
168903,3349,June,2023,2007-06-17,Danielle Carlson,Aaron Carlson,2007-06-18
352107,3054,June,2022,2001-10-10,Amanda Andersen,Amanda Andersen,2001-10-15
283723,7623,November,2023,2000-09-01,Samuel White,Samuel White,2000-08-31
618859,7404,November,2016,2002-10-27,Jennifer Hicks,JENNIFER HICKS,2002-10-27
832088,6273,June,2015,1999-08-23,Rebecca Ali,Lisa Ali,1999-08-22
304112,7276,November,2023,2002-02-01,Miranda Dean,miranda dean,2002-02-06
255773,4985,November,2020,2005-03-11,Robert White MD,Robert White,2005-03-11
701729,1471,November,2020,2007-10-02,Patrick White,Patrick White,2007-10-07
865953,7065,November,2016,2005-06-07,James Pace,JAMES PACE,2005-06-07
772272,7940,November,2019,2005-10-30,Noah Wilson,noah wilson,2005-10-30
573636,5986,November,2016,1999-10-24,Brittany Tucker,brittany tucker,1999-10-29
255560,6529,November,2019,2001-04-06,Dave Orr,dave orr,2001-04-07
649515,7365,June,2019,1999-12-04,Laura Smith,Laura,1999-12-09
179934,3726,November,2017,2003-07-15,Michael Long,MICHAEL LONG,2003-07-20
612392,6040,November,2023,2000-01-16,Joshua Giles,Joshua Giles,2000-01-16
719418,2177,November,2019,2005-03-12,Diana Wong,Diana Wong,2005-03-11
729321,2257,November,2018,2004-06-10,Paul Smith,paul smith,2004-06-09
224492,9518,June,2016,2000-07-26,Dr. Rebecca Shaffer,DR. REBECCA SHAFFER,2000-07-26
527295,1529,June,2020,2004-06-28,Steven Mejia,steven mejia,2004-07-03
455271,6993,November,2017,2008-04-11,Troy Smith,troy smith,2008-04-10
183493,6909,June,2022,1999-07-16,Connor Romero,Connor,1999-07-11
719327,7958,November,2018,2004-04-07,Stanley Barnes,Stanley Barnse,2004-04-08
219619,2438,November,2018,2002-03-13,Justin Blackburn,Justin Blackburn,2002-03-18
714439,3516,November,2018,2005-03-24,Robert Perry,Paul Perry,2005-03-24
249085,3445,November,2019,2000-01-19,Robert Anderson,Robert,2000-01-20
234120,8668,June,2018,2004-05-27,Scott Lopez,scott lopez,2004-06-01
614782,7832,November,2015,2005-05-15,Sarah Diaz,Sarah Diaz Danny,2005-05-16
645964,1700,June,2023,2001-12-08,Donna Johnson,Dnona Johnson,2001-12-03
814311,2112,June,2019,2005-06-14,Heather Ayala,heather ayala,2005-06-15
510951,2392,November,2016,2005-09-14,Madison Salazar,Stacie Salazar,2005-09-13
911035,3032,November,2015,2003-10-22,Shawn Little,Shawn Little,2003-10-23
451421,2218,November,2023,2008-01-15,Shannon Brown,Shannon Brown,2008-01-15
470642,4189,June,2020,2006-12-15,Amanda Moore,Amanda Moore,2006-12-14
825289,3825,November,2016,2002-07-15,Heather Turner,heather turner,2002-07-15
550074,5694,June,2015,2008-06-03,Judith Joyce,Michael Joyce,2008-06-03
836351,9451,June,2022,2003-08-12,Danielle Hartman,Danielle Hartman,2003-08-13
559824,9861,June,2015,2007-04-03,Jennifer Gonzales,Gonzales Jennifer,2007-04-03
555189,2997,November,2016,2001-10-30,Alison Martin,Alison Martin,2001-10-30
375658,3736,June,2015,2003-11-28,Kyle Reilly,Kyle,2003-11-27
320166,2210,November,2016,2007-05-13,Fernando Williams,Stephen Williams,2007-05-08
811613,2740,June,2023,2002-03-09,Carla Wilson,Wilson Carla,2002-03-14
724620,2373,November,2021,2005-04-01,Ryan Holmes,Ryan Holmes Elizabeth,2005-03-27
155892,7018,June,2021,2001-09-25,Mr. Jaime Norman,MR. JAIME NORMAN,2001-09-24
174880,1106,November,2016,2000-04-01,Hannah Lee,Hannah Lee,2000-04-06
880377,2727,November,2022,2000-02-05,Kimberly Pearson,Kimberly,2000-01-31
884962,1985,November,2019,2007-10-21,Kayla Hensley DVM,Kayla Hensley DVM Cindy,2007-10-16
380356,2176,June,2020,2005-12-06,Joseph Becker,JOSEPH BECKER,2005-12-05
555705,4446,November,2017,2003-04-29,Mark Patel,Mark Patel Victoria,2003-04-24
676955,9885,November,2017,2003-09-29,Mrs. Kelly Reid MD,Sonia Kelly Reid MD,2003-09-30
286484,1088,June,2017,2003-02-19,Kaitlyn Nunez,Brandon Nunez,2003-02-14
223190,2651,June,2019,1999-06-19,Dawn Watson,Dawn Watson,1999-06-18
401262,9937,June,2015,2002-08-13,John Ramos,John Ramso,2002-08-13
160760,3459,November,2023,2001-09-07,Nicole Thomas,iNcole Thomas,2001-09-08
332710,5787,June,2019,2000-05-29,Judy Norman,Judy Norman,2000-05-29
948207,7904,November,2019,2005-11-27,Courtney Kim DDS,Courtney Kim DDS Barbara,2005-11-22
520142,1662,November,2021,1999-10-05,Ronald Cox,Ronald,1999-10-06
970943,8779,November,2017,2004-11-15,Brittney Hernandez,Danielle Hernandez,2004-11-16
882807,3027,November,2023,2007-01-03,Matthew Valdez,MATTHEW VALDEZ,2007-01-03
276924,7207,November,2016,2007-09-15,Melinda Conner,melinda conner,2007-09-16
254169,7957,November,2020,2007-05-14,Elizabeth Miller,ELIZABETH MILLER,2007-05-09
671413,7174,November,2019,2007-11-22,Scott Forbes,Christopher Forbes,2007-11-22
692913,1127,November,2017,2003-05-07,David Campbell,David Campbell Robin,2003-05-08
396698,2529,November,2015,2007-07-23,Tammy Curry,Tammy,2007-07-23
963751,4424,November,2015,2006-12-01,Colton Jackson,Colton,2006-11-26
793110,2491,November,2023,2007-07-18,Brenda Baker,Brenda Baker,2007-07-17
324956,2235,June,2022,2007-08-21,Ian Avila,ian avila,2007-08-16
148268,7506,June,2018,2004-07-21,David Olsen,David Olsen Jay,2004-07-21
224326,4524,November,2015,2001-10-15,Susan Perez,susan perez,2001-10-20
972852,3907,November,2020,2001-05-25,Brian Fox,Robert Fox,2001-05-25
286926,1733,June,2017,2006-07-16,Tina Flynn,Tina Flynn Benjamin,2006-07-21
207354,5956,November,2020,2003-04-24,Mathew Freeman,Freeman Mathew,2003-04-24
639643,7749,June,2017,1999-07-19,Alexis Wise,Alexis,1999-07-20
392822,9819,June,2019,2007-10-02,Max Arroyo,Ashley Arroyo,2007-10-02
161051,8458,June,2019,1999-11-22,Christopher Vaughn,Vaughn Christopher,1999-11-23
513225,9934,June,2016,1999-12-27,Ernest Zavala,ernest zavala,1999-12-28
752100,3408,November,2016,2002-06-21,Johnny Ramos,Johnny Ramos David,2002-06-21
405274,5854,June,2023,2001-11-11,Kerry Shepard,Kerr yShepard,2001-11-16
871390,5226,June,2017,2007-07-07,Kristina Phillips,Phillips Kristina,2007-07-07
707815,5100,June,2017,2003-11-01,Jessica Mclean,Aaron Mclean,2003-10-31
935181,1429,June,2020,2005-09-03,Teresa Perez,Teresa Perez Jessica,2005-09-08
577229,3447,November,2023,2007-11-16,Samantha Meyers,SAMANTHA MEYERS,2007-11-15
710071,5777,June,2019,2007-02-25,Melissa Foster,Lori Foster,2007-02-26
643748,2692,November,2021,2004-09-22,Chris Moore,CHRIS MOORE,2004-09-27
602521,7616,June,2020,2003-02-08,Michael Mcmillan,Jermaine Mcmillan,2003-02-03
746883,2723,November,2023,2005-08-11,Allison Sloan,allison sloan,2005-08-11
703423,3474,June,2017,2003-09-03,Herbert Cruz,Herbert Cruz,2003-09-04
483374,9820,June,2023,2003-11-08,Jason Ortiz,Jaosn Ortiz,2003-11-07
582022,7385,June,2020,2005-01-06,Danielle Wilson,Danielle Wilson Jasmine,2005-01-05
583342,1522,November,2016,2000-12-20,Alexander Dean,Alexander Dean,2000-12-20
118270,6719,June,2019,2004-08-04,Michael Estrada DDS,MICHAEL ESTRADA DDS,2004-08-09
737929,6611,June,2017,1999-12-15,James Davis,James Davis Heather,1999-12-14
154045,1380,June,2015,1999-11-04,Emily Johnson,Emily Johnson,1999-10-30
487496,1387,November,2018,2002-09-23,Mary Hopkins,Mary,2002-09-28
526994,7391,June,2022,2003-11-24,Sara White,SaraW hite,2003-11-29
679331,4154,November,2018,2007-02-22,Edward Williams,Edward iWlliams,2007-02-23
484552,2786,June,2015,2006-08-01,Mary Williams,Ethan Williams,2006-07-31
441669,4328,November,2022,2006-10-30,John Lopez,John Lopez,2006-10-31
324846,8883,June,2020,1999-11-18,Julie Keith,Julie Keith Kayla,1999-11-18
593033,1313,November,2017,2006-07-30,David Stevens,DAVID STEVENS,2006-07-30
809851,1239,November,2018,2007-11-14,Nancy Richardson,NANCY RICHARDSON,2007-11-15
710407,5668,November,2022,1999-10-09,Heather Phillips,heather phillips,1999-10-08
753169,8299,June,2015,2004-01-19,Jo Walker,Jo,2004-01-19
514943,5098,November,2018,2006-02-28,Andrew Daniels,Andrew Daniels Alexandria,2006-02-27
324785,5492,November,2018,2000-12-18,Kristie Mullins,Jennifer Mullins,2000-12-17
306832,9838,November,2022,2004-01-25,Sean Ortiz,Benjamin Ortiz,2004-01-25
977938,6786,June,2016,2006-08-22,Lisa Goodwin,Scott Goodwin,2006-08-23
130415,7646,June,2018,2002-12-27,Rachael Price,Rachael Price Kevin,2003-01-01
144599,1933,June,2015,2007-10-18,Roberta Salazar,Richard Salazar,2007-10-18
831825,7326,November,2019,2000-06-22,Daniel Shields,Daniel Shields,2000-06-27
130881,5369,June,2021,2008-02-22,Rebecca Baker,Rebecca Bakre,2008-02-21
630212,5297,November,2021,1999-07-04,Vickie James,Vickie James,1999-07-04
470562,2673,November,2015,2000-02-07,Willie Adams,Willie Adams,2000-02-12
399221,5935,November,2016,2004-04-08,Arthur Downs,Alexandra Downs,2004-04-09
568943,6997,November,2016,2002-01-09,Michelle Garcia,MICHELLE GARCIA,2002-01-08
866069,8794,November,2020,2003-09-07,Randy Blair,Randy Blair Jacqueline,2003-09-07
867211,8411,June,2018,2006-02-02,Rebekah Downs,Rebekah,2006-02-07
884779,5947,June,2015,2003-01-15,Lisa Knight,lisa knight,2003-01-10
357176,6871,November,2022,2006-12-22,Christine Travis,Heather Travis,2006-12-27
761140,1928,June,2023,2000-03-21,Kenneth Conrad,Kenneth Conrad Valerie,2000-03-20
695836,8004,November,2017,2004-08-12,Lori Perez,Lori ePrez,2004-08-13
907716,2594,November,2019,2006-11-04,Tonya Bruce,Tonya Bruce,2006-11-05
404802,2920,November,2020,2001-01-18,Nathan Robinson,Nathan,2001-01-13
752565,5955,November,2015,2002-05-10,Kaitlin Harris,Paul Harris,2002-05-15
879019,8040,November,2018,2004-04-11,Shawn Villanueva,Brian Villanueva,2004-04-06
311456,2467,June,2023,2000-02-06,Ashley Flynn,Ashley,2000-02-11
374473,3603,June,2018,1999-11-24,Colleen Jackson,COLLEEN JACKSON,1999-11-19
802069,8100,June,2015,2001-02-02,Rachel Thompson,Rachel Thompson Chelsea,2001-02-03
501879,2506,November,2017,2000-09-09,Donna Martinez,Donna Martinez,2000-09-10
243158,4970,November,2015,2000-06-21,Chad Arellano,Chad Arellano,2000-06-20
971241,7489,November,2023,2001-10-23,John Higgins,John Higgins Kayla,2001-10-24
984807,8758,June,2022,2003-09-04,Chloe Lopez,Chloe Lopez Deborah,2003-09-09
959624,5670,November,2019,2003-04-10,Mark Norris,Karen Norris,2003-04-15
961992,4553,June,2018,2001-05-14,Tristan Cooke,Tritsan Cooke,2001-05-14
997399,6119,November,2019,2008-02-11,Robert Underwood,Julie Underwood,2008-02-10
805670,7896,November,2022,2007-04-15,Cynthia White,Cyntiha White,2007-04-15
151671,4915,June,2023,2006-07-28,Robert Chapman,Robert,2006-07-29
514948,4997,November,2017,2007-04-30,Donna Knox,Donna Knox,2007-04-30
721792,6362,November,2016,2001-04-20,Tanya Butler,Alexander Butler,2001-04-20
221777,8309,November,2022,2000-07-31,Patrick Crawford,Patrick Crawford,2000-07-30
375992,2271,November,2017,2006-03-30,Melissa Shah,Shah Melissa,2006-03-25
421308,2840,June,2023,2007-12-19,Jennifer Diaz,Diaz Jennifer,2007-12-18
198552,5207,June,2021,2005-01-07,Jason Stone,Robert Stone,2005-01-07
972528,6422,June,2017,2003-09-27,Brianna Jones,brianna jones,2003-09-22
617028,2676,November,2022,2002-11-08,Richard Mcbride,Richard Mcbride,2002-11-09
637896,7030,November,2019,2001-08-22,Benjamin Jackson,BENJAMIN JACKSON,2001-08-17
484011,1509,June,2023,1999-07-11,Julia Phillips,julia phillips,1999-07-06
782656,5362,November,2017,1999-11-05,Matthew Johnson,Matthew,1999-10-31
661551,5519,November,2017,2001-05-10,Joann Nicholson,Joann Nicholson,2001-05-10
927402,5388,June,2019,2003-01-05,Ian Hill,IAN HILL,2003-01-10
676349,7077,November,2019,2007-04-01,Gloria Lane,Dana Lane,2007-04-02
889861,9787,June,2023,2005-08-07,James Zuniga,Jamse Zuniga,2005-08-08
492941,1678,June,2020,2006-05-26,Richard Johnson,Katherine Johnson,2006-05-25
811692,8924,November,2017,2003-11-25,Joshua Dixon,Joshua Dixon Amanda,2003-11-20
523789,8870,November,2018,2002-12-12,Jonathan Rowe,Jonathan,2002-12-11
979352,4478,November,2023,2005-07-10,Travis Gonzales,TRAVIS GONZALES,2005-07-10
264735,7031,November,2016,2007-09-26,Gail Robles,gail robles,2007-09-25
462089,8772,November,2020,2001-08-16,Jimmy Ayala,Jimmy Ayala,2001-08-15
717890,3389,November,2021,2000-10-08,Aaron Young,Nicholas Young,2000-10-07
673217,4560,November,2020,2007-01-13,Jessica Jensen,Jessica Jensen,2007-01-13
120159,7581,November,2020,2004-07-25,Jamie Mckenzie,Jamie Mckenzie,2004-07-24
725074,6525,June,2022,2003-08-02,David Jones,david jones,2003-08-02
969459,2553,November,2023,2002-02-18,Cathy Thompson,CATHY THOMPSON,2002-02-18
912146,6035,November,2020,2000-12-29,Gary Armstrong,Armstrong Gary,2001-01-03
827596,9851,June,2022,1999-06-12,Miranda Young,Anthony Young,1999-06-11
959723,4565,November,2021,2001-02-13,Wendy Hayes,Ashley Hayes,2001-02-18
394598,5807,June,2018,1999-12-30,Rebecca Nelson,REBECCA NELSON,2000-01-04
540473,6060,November,2023,2004-10-20,Mark Morales,MARK MORALES,2004-10-20
164477,3546,June,2015,1999-11-02,Michael Dominguez,Dominguez Michael,1999-11-07
938769,8192,June,2020,2007-07-21,Adrienne Williams,Christopher Williams,2007-07-26
863816,2598,June,2018,1999-10-30,Anthony Davis,James Davis,1999-11-04
239599,4795,June,2023,2000-08-19,Melissa Evans,Melissa Evans,2000-08-20
816644,6790,November,2017,2001-10-28,Angela Porter,Angela,2001-11-02
795560,6191,November,2015,2007-03-20,Dana Dyer,Charles Dyer,2007-03-25
294637,4592,November,2015,2006-04-17,Brenda Pena,rBenda Pena,2006-04-18
977003,8713,June,2016,2007-05-20,Todd Kim,Todd,2007-05-15
922460,4178,November,2016,2004-03-28,Tracy Sparks,Tracy Sparks,2004-04-02
778435,8600,June,2022,2005-03-19,Michael Randolph,Michae lRandolph,2005-03-14
686795,8367,June,2017,2005-05-19,Melissa Robles,Melissa Robles Rachel,2005-05-20
379230,4771,November,2022,2004-07-15,Lisa Myers,Lisa,2004-07-16
331355,5748,June,2023,2003-10-08,Emily Hill,Emily Hill Daniel,2003-10-07
352011,8152,June,2017,2007-08-03,John Reyes,John,2007-08-08
563547,9548,June,2018,2002-11-16,Kevin Lewis,Kevin Lewis,2002-11-11
373176,5906,November,2022,1999-08-15,Cynthia Keller,Cynthia,1999-08-20
471756,6138,November,2018,2007-08-10,Audrey Faulkner,Julian Faulkner,2007-08-09
415136,3522,November,2017,2006-05-20,Jesse Baker,Baker Jesse,2006-05-20
145871,8834,June,2021,2001-09-08,Louis Torres,Louis Torres,2001-09-13
738444,2844,June,2018,2007-01-10,Adam Skinner,ADAM SKINNER,2007-01-05
478819,9567,June,2022,2003-06-03,Tammy King,Tammy King,2003-06-08
353124,6182,June,2015,2005-07-01,Andrew Ramirez,Jennifer Ramirez,2005-07-02
731516,3235,June,2023,2008-03-03,Pamela Keith,Pamela Keith,2008-03-02
848997,4725,June,2023,2008-01-20,Jeremy Wilkinson,Jeremy Wilkinson,2008-01-20
369083,7169,November,2018,2008-04-20,Erik Wright,erik wright,2008-04-20
306960,7475,June,2021,2007-07-02,Michele Noble,iMchele Noble,2007-07-02
177206,2837,June,2021,2007-03-24,Eric Novak,Sarah Novak,2007-03-29
513215,3214,June,2020,2001-11-22,Samuel Hancock,Samuel Hancock Theodore,2001-11-23
675568,6309,November,2021,2002-10-04,Mark Peterson,Mark Pteerson,2002-10-03
793089,5612,June,2023,2007-05-31,Richard Stephens,Stephens Richard,2007-06-01
526754,5233,November,2017,2002-03-21,Allison Huff,Allison Huff,2002-03-22
834830,3889,November,2021,2003-06-16,Evelyn Beck,evelyn beck,2003-06-21
402368,4087,November,2018,2005-04-12,Nicholas Miller,Nicholas Miller,2005-04-12
572632,7173,June,2022,2000-12-02,Renee Sparks,RENEE SPARKS,2000-12-02
468302,9521,June,2015,1999-07-15,Christopher Contreras,Christopher,1999-07-15
768693,3768,June,2016,1999-10-16,Susan Burch,Susan Burch,1999-10-15
522870,3087,June,2020,2005-11-06,Alison Rios,Alison Rios,2005-11-06
804450,3146,June,2018,2005-08-26,Robert Mathews,Parker Mathews,2005-08-21
112236,3015,June,2018,2001-05-28,Diane Bush,Diane Bush,2001-05-29
603318,4422,November,2021,2006-02-12,Jamie Johnson,Jamie Johnson David,2006-02-13
740928,1973,November,2019,2003-10-09,Abigail Lowe,Andrew Lowe,2003-10-09
422425,2161,November,2016,2006-11-07,Jennifer Wong,Jennifer Wong Cassandra,2006-11-08
672295,1927,June,2020,2000-11-18,David Rivera,David,2000-11-18
517110,8760,June,2018,1999-10-25,Mary Rodriguez,Mary Rodriguez,1999-10-24
120174,3877,November,2023,2004-12-06,Bailey Pope,Bailey,2004-12-11
889503,9701,November,2017,2003-01-30,Amber Oliver,Amber Oliver Barbara,2003-01-29
513291,1707,June,2021,2005-06-06,Laura White,Laura White,2005-06-11
559060,7785,November,2019,2004-07-02,Paul Choi,Barry Choi,2004-07-03
100561,1616,November,2017,2001-10-07,Michele Frye,michele frye,2001-10-07
523195,3395,June,2023,1999-11-12,Tyler Marquez,tyler marquez,1999-11-13
831402,4701,June,2023,2004-08-05,Kristi Jones,KRISTI JONES,2004-07-31
928947,1185,June,2015,2006-05-26,Alicia Rivera,alicia rivera,2006-05-27
386972,9969,June,2016,2002-03-15,Robert Kelly,Robert Kelly,2002-03-14
152141,8168,June,2023,2005-05-05,Holly Lee,Holly Lee Lisa,2005-05-06
738882,3428,June,2022,2006-07-04,Jamie Guerrero,Jamie Guerrero,2006-07-05
149636,5001,June,2023,2002-01-01,Brianna Rivera,Brianna,2002-01-06
187137,9913,June,2015,2006-10-17,Jeremy Richardson,Jeremy Rihcardson,2006-10-22
318860,3924,June,2023,2005-10-19,Christopher Sullivan,christopher sullivan,2005-10-20
716969,1451,June,2016,2002-01-19,Elizabeth Martinez,elizabeth martinez,2002-01-24
413901,5607,June,2018,2005-09-23,Courtney Gomez,Courteny Gomez,2005-09-28
407771,2827,November,2021,2005-04-07,Linda Martinez,Linda Martinez Patricia,2005-04-02
568121,5212,November,2022,2001-12-09,Samuel Bradshaw,Bradshaw Samuel,2001-12-14
443219,4004,November,2016,2001-06-01,Matthew Golden,MATTHEW GOLDEN,2001-05-27
208345,3981,November,2021,2001-11-01,Michael Yang,Cindy Yang,2001-11-02
545702,6286,June,2015,2007-09-11,Elizabeth Johnson,ELIZABETH JOHNSON,2007-09-10
413692,9549,November,2021,2007-01-26,Natasha Rice,NATASHA RICE,2007-01-26
805125,6528,June,2018,2004-09-12,Tiffany Gutierrez,Michael Gutierrez,2004-09-11
764983,1017,November,2015,2001-06-27,Robert Wright,Robert Wirght,2001-06-22
243941,1760,June,2017,2006-12-14,Marc Shields,Marc Shields,2006-12-14
733545,1048,June,2017,2006-05-26,Kevin Navarro,KEVIN NAVARRO,2006-05-27
725050,1812,November,2017,2001-06-10,Derek Sullivan,Derek Sullivan,2001-06-15
182968,5176,November,2021,2000-04-22,William Fields,WILLIAM FIELDS,2000-04-21
166672,2000,November,2015,2004-10-01,Mark Roy,Mark,2004-09-26
299148,2780,June,2016,2003-05-03,Christopher Sharp,Christopher,2003-05-03
102782,6351,November,2015,2002-06-24,Sharon Burton,James Burton,2002-06-24
665174,7845,November,2018,2006-12-16,Andre Spencer,Andre,2006-12-16
888195,9703,November,2017,2001-05-21,Jeremiah Castillo,Jeremiah,2001-05-26
632371,6345,June,2019,2003-02-05,Alan Cooper,ALAN COOPER,2003-02-04
913436,5929,June,2019,2003-05-10,Robin Baker DDS,Robin Baker,2003-05-09
159392,5549,June,2021,2007-02-28,Alan Greer,Alan Greer Sandra,2007-02-28
123261,4640,June,2016,2003-05-27,Maria Evans,Maria Eavns,2003-05-22
559988,8361,November,2019,2005-03-18,Dale Mccoy,dale mccoy,2005-03-13
914945,2862,June,2017,2008-02-05,Tracy Collins,Tony Collins,2008-02-06
656217,5971,November,2016,2005-01-08,Mary Giles,MARY GILES,2005-01-03
647515,8983,November,2023,2001-11-11,Vincent Obrien,Vincent Obrien Adam,2001-11-06
545487,8947,November,2015,2001-11-18,Stephanie Novak,Stephanie,2001-11-18
207424,6153,November,2016,2000-04-26,Eric Ford,Ford Eric,2000-05-01
311331,7023,November,2017,2000-05-27,Lisa White,LisaW hite,2000-05-26
660851,3998,November,2022,2007-02-04,Marisa Coleman,MARISA COLEMAN,2007-02-03
673863,2580,June,2021,2006-05-17,John Kaufman,John,2006-05-17
176441,6125,November,2022,2001-03-30,Amy Guzman,Amy Guzman Matthew,2001-03-25
421056,9688,November,2018,2000-01-15,Mark Fisher,Mark Fisher,2000-01-16
239385,8700,June,2017,2007-04-07,Emily Coleman,Emily Coleman,2007-04-07
716106,7398,November,2020,2008-02-05,Veronica Lopez,Veronica,2008-02-10
914209,4664,November,2022,2003-02-27,Gerald Walker,Gerald,2003-02-27
343884,2828,June,2019,2006-11-23,Frank Perez,Frank Perez,2006-11-23
562387,4050,November,2017,2005-12-10,Margaret Nash,Margaret Nash Joseph,2005-12-11
389766,2777,November,2022,2007-03-02,David Whitehead,David Whitehead,2007-03-07
955659,5340,November,2019,2007-02-13,Elizabeth Cook,Elizabeth Cook Matthew,2007-02-14
267320,8865,June,2018,2008-01-10,Stacy Campos,stacy campos,2008-01-15
849754,2939,June,2022,1999-10-08,Joshua Hernandez,Justin Hernandez,1999-10-07
962535,1901,November,2016,2008-05-04,Antonio Garcia,Edward Garcia,2008-05-05
572175,5882,June,2019,2003-01-17,Dawn Smith,Danw Smith,2003-01-16
125686,9104,November,2021,2001-10-07,Cody Schneider,Austin Schneider,2001-10-02
229064,4551,November,2021,2007-05-30,Tiffany Brown,Tiffany,2007-06-04
117371,8682,June,2020,2000-02-27,Randy Hunt,RANDY HUNT,2000-03-03
802051,3801,June,2018,2007-10-28,Aaron Vasquez,aaron vasquez,2007-10-28
129797,9877,June,2021,2002-02-04,Donna Richardson,Donna,2002-02-04
697027,9445,June,2015,2001-07-17,John Johnson,Joh nJohnson,2001-07-12
540632,7687,June,2022,2006-06-08,Theresa Vincent,Theresa,2006-06-08
622898,1059,November,2023,2001-12-06,Rachel Waller,Rachel Waller Brenda,2001-12-05
902723,3994,June,2022,2000-04-16,Gerald Conway,GeraldC onway,2000-04-11
518557,2183,June,2016,2006-09-20,Angel Simpson,Angel Simpson Teresa,2006-09-19
976171,6124,November,2020,2005-03-02,Sara Barrera,Sara Barrera,2005-03-03
281208,5136,November,2022,2003-02-09,Lee Henderson,Cynthia Henderson,2003-02-04
845622,5187,November,2020,2004-12-02,David Walker,aDvid Walker,2004-11-27
555821,9189,June,2015,2006-08-01,Chelsea Mills,CHELSEA MILLS,2006-08-01
247188,4829,June,2018,2001-03-10,Casey Le,casey le,2001-03-15
216808,5210,June,2020,2005-05-02,Casey Palmer,Casey,2005-05-07
866431,9593,November,2018,2003-01-15,Darrell Smith,darrell smith,2003-01-16
708865,8337,June,2021,2001-11-27,Ronald Rodriguez,Ronald Rodriguez,2001-11-28
205019,9227,June,2022,2008-03-20,Dustin Miller,Dustin,2008-03-25
509982,8418,November,2015,2004-10-21,Rachel Wiley,Rachel Wiley,2004-10-20
205708,8646,June,2016,2007-01-03,Catherine Sharp,catherine sharp,2007-01-08
879966,8249,November,2020,2007-02-23,John Brooks,Marc Brooks,2007-02-22
946410,7686,June,2019,2000-10-08,Tiffany Welch,Tiffany Welch Michael,2000-10-09
934041,3117,November,2021,2004-07-11,Jonathan Ward,JONATHAN WARD,2004-07-16
731100,7760,November,2020,2005-05-30,Jonathan Snyder,jonathan snyder,2005-05-31
200341,8142,November,2016,2007-12-31,Craig Williams,Craig Williams Johnathan,2007-12-30
535675,1820,June,2018,2002-09-28,Crystal Shaw,CRYSTAL SHAW,2002-09-28
374375,4261,June,2020,2005-04-11,Nicholas Phillips,Nicholas,2005-04-10
217423,4535,November,2017,2002-08-08,Deborah Hayes,Deborah,2002-08-13
573690,1950,November,2017,2006-02-09,Sheri Adkins,sheri adkins,2006-02-10
392501,8083,June,2022,2006-03-10,Edward Stone,edward stone,2006-03-10
258297,3804,June,2020,2001-12-08,Joseph Shepherd,Joseph Shepherd,2001-12-09
941571,8557,November,2015,2007-12-30,Thomas Perkins,thomas perkins,2007-12-31
418461,4824,June,2021,2003-01-10,Jason Ortiz,Trevor Ortiz,2003-01-15
262284,9683,November,2022,2001-10-15,Donald Fletcher,Patrick Fletcher,2001-10-16
205468,4265,November,2017,2003-11-29,Pamela Williams,Pamela Williams,2003-11-24
730671,6751,June,2019,2005-11-02,Joan Evans,Joa nEvans,2005-10-28
578847,3928,November,2017,2000-07-21,Jesse Martinez,Katie Martinez,2000-07-22
244263,6922,June,2016,2002-02-16,Autumn Atkinson,Autumn Atkinson Bobby,2002-02-16
739221,4005,June,2022,2001-05-14,Mary Diaz,Mary Diaz,2001-05-19
969470,6583,June,2018,2002-12-09,Sherri Nguyen,Sherri Nguyen,2002-12-09
366409,4747,November,2019,2001-06-23,Randall Patel,RANDALL PATEL,2001-06-23
210079,9131,November,2016,2005-12-08,Ashley Patterson,Ashley Patterson,2005-12-07
119025,2227,November,2017,2005-02-08,Ronald Ford,ronald ford,2005-02-13
322103,3243,June,2018,2001-10-07,Daniel Mathews,Daniel Mathews Michael,2001-10-02
548133,4104,November,2023,2003-12-15,Destiny Ashley,Destiny Ashley Angela,2003-12-14
332959,3886,November,2019,2007-07-22,Patricia May,PatriciaM ay,2007-07-27
596263,4843,June,2017,2001-07-22,Andrea Everett,Andrea Everett,2001-07-23
937683,2159,November,2017,2001-08-20,Karen Marquez,Marquez Karen,2001-08-19
154524,7172,November,2018,2004-06-03,David Jones,James Jones,2004-06-04
139208,5758,June,2019,1999-08-23,Heather Quinn,Heather,1999-08-24
472986,2314,November,2016,2007-04-29,Yvonne Johnson,Yvonne,2007-04-24
761434,8175,November,2020,2007-12-06,Angela Grant,Madeline Grant,2007-12-07
482133,9428,November,2015,2007-05-25,Lance Kerr,Jordan Kerr,2007-05-20
402482,4098,November,2016,2003-08-29,Anthony Mcintyre,Anthony,2003-09-03
474669,3186,June,2021,1999-10-29,Eric Mendoza,Victoria Mendoza,1999-10-28
620773,7162,November,2020,2006-09-03,Tyrone Green,Tyrone Green Susan,2006-09-03
977157,6454,June,2022,2003-07-05,Oscar Tran,Oscar Tran,2003-07-05
925705,5479,June,2016,2006-02-28,Adam Lopez,Adam Lopez,2006-03-01
253510,3155,June,2017,2005-08-24,Alexandra Fowler,Christina Fowler,2005-08-25
231901,5475,June,2021,2004-11-19,David Bruce,david bruce,2004-11-18
447862,6457,November,2017,2002-05-25,Mr. Jerry Perez,MR. JERRY PEREZ,2002-05-25
986110,8312,November,2019,2003-04-12,Michelle Duke,Michelle Duke Mary,2003-04-07
371602,1490,June,2015,2006-12-30,Miranda Gay,Mirnada Gay,2006-12-31
802923,3725,November,2016,2000-05-21,Yesenia Johnson,Yesenia Johnson,2000-05-16
935084,9410,June,2022,2004-06-23,Leah Chambers,leah chambers,2004-06-18
596045,1726,June,2023,2002-01-07,Scott Sanchez,Scott Sanchez,2002-01-08
700470,2653,June,2020,2003-02-23,Natalie Mcfarland,Natalie,2003-02-18
629913,5351,June,2022,2002-01-08,Michael Edwards,Michael Edwards,2002-01-03
829826,9418,June,2016,2007-01-05,Patrick Wilson,Patrick Wilson Stephanie,2006-12-31
185863,6968,November,2019,2001-08-16,Herbert Huffman,Herbert,2001-08-15
318917,8533,June,2017,2003-01-08,Deborah Wilson,Deborah Wilson,2003-01-03
287375,8286,June,2022,2007-05-31,Angela Velez,Velez Angela,2007-05-31
936765,2681,November,2022,2004-03-19,Stacy Schwartz,STACY SCHWARTZ,2004-03-18
670728,4650,June,2017,2000-06-27,John Miller,John,2000-06-22
595570,7614,November,2021,2006-10-09,Thomas Dawson,thomas dawson,2006-10-09
448701,6601,June,2019,2004-06-27,Robert Davis,Robert Davis,2004-06-22
344504,7701,June,2019,2004-05-11,Victoria Anderson,Victoria Anderson,2004-05-10
545474,3733,November,2015,2008-04-09,Whitney Murphy,Misty Murphy,2008-04-08
390259,9301,November,2016,2006-10-12,Jonathan Potts,Chad Potts,2006-10-11
871422,1706,June,2023,2004-06-18,Jeffrey Sanders,Jeffrey Sanders Michelle,2004-06-13
476868,2802,November,2017,2008-01-12,Tara Aguirre,Tara,2008-01-13
946831,3215,November,2023,2002-04-26,Clayton Castillo,Allison Castillo,2002-04-25
157461,4718,June,2015,2006-05-18,Donna Russell,DONNA RUSSELL,2006-05-23
805837,8847,June,2019,2005-02-14,Erika Bowen,Erika Bowen,2005-02-13
566826,6819,June,2021,2002-07-08,Samuel Lane,Samuel Lnae,2002-07-13
250542,3762,November,2021,2005-08-19,Elizabeth Park,ELIZABETH PARK,2005-08-20
295689,4305,June,2019,2002-11-19,Sharon Strickland,Shraon Strickland,2002-11-14
517674,6086,June,2017,1999-07-26,Elaine Lara,Elaine Lara Becky,1999-07-31
572871,2977,November,2016,2005-11-25,Kevin White,Kevin,2005-11-25
716819,1736,June,2015,2004-06-08,Christopher Boone,CHRISTOPHER BOONE,2004-06-07
125646,2876,November,2016,2006-01-01,Justin Soto,Justin Soto,2006-01-02
556576,2124,November,2017,2002-10-25,Bianca Baker,Bianca Baker,2002-10-20
770840,5468,June,2015,2000-01-10,Diane Brown,Justin Brown,2000-01-09
769130,8392,November,2023,2006-03-30,Robert Rogers,Roebrt Rogers,2006-04-04
827349,3925,November,2017,2006-02-23,Jacqueline Delgado,JACQUELINE DELGADO,2006-02-23
663236,4909,June,2020,2006-03-04,Raymond Thomas,Raymond hTomas,2006-03-05
992073,9018,June,2019,2000-02-05,William Li,WILLIAM LI,2000-02-10
790987,4293,November,2022,2003-05-28,Elizabeth Frazier,Elizabeth Frazier Miranda,2003-06-02
489542,3252,June,2022,2001-01-24,Jenny Montes,jenny montes,2001-01-29
902562,9021,November,2017,2000-02-07,Theresa Reynolds,THERESA REYNOLDS,2000-02-07
426976,6173,June,2018,2008-05-04,Jacqueline Lambert,Jacqueline Lambert,2008-05-09
489820,4883,June,2015,2003-03-21,Jennifer Cunningham,Jennifer Cunningham,2003-03-20
731900,4688,November,2020,2006-06-13,Sean Anderson,sean anderson,2006-06-14
901174,3273,June,2015,2004-03-14,Grace Cantu,Grace,2004-03-19
740481,4952,June,2020,2000-06-23,Austin Carter,Austin,2000-06-22
949951,9916,November,2019,2004-04-10,Belinda Moore,Belinda Moore Jason,2004-04-05
411980,8999,June,2023,2001-06-21,Linda Thompson,linda thompson,2001-06-16
449908,4731,June,2023,2000-10-03,Micheal Owens,Micheal,2000-09-28
709390,9408,June,2022,2007-05-27,Tony Ramirez,Tony aRmirez,2007-05-27
603345,3452,June,2023,2006-04-03,Antonio Jensen,Antonio Jensen,2006-04-04
192578,4864,November,2018,2006-06-18,James Mcdaniel,James Mcdaneil,2006-06-18
568531,2776,June,2022,2000-04-21,Mrs. Donna Jones MD,Anthony Donna Jones MD,2000-04-21
246076,2052,June,2023,2001-04-19,Daniel Carr,daniel carr,2001-04-18
534451,3047,June,2021,2003-01-03,Kevin Miller,Kevin Miller,2002-12-29
996654,3730,June,2020,2005-08-23,Robert Taylor,Robert,2005-08-18
480687,4145,November,2016,2004-10-29,Alicia Anderson,Alicia Anderson,2004-10-28
969049,6498,November,2015,2003-11-27,Mark Holt,Mrak Holt,2003-11-26
704224,4749,June,2018,2004-05-29,Thomas Floyd,Thomas,2004-06-03
212368,3658,November,2022,2002-07-20,Ricardo Marshall,RICARDO MARSHALL,2002-07-15
558172,7126,June,2021,2003-11-22,Andre Lynch,Andre Lynch,2003-11-17
413080,6523,November,2017,2000-04-21,Chelsea Anderson,Chelesa Anderson,2000-04-20
764037,6680,November,2021,1999-07-23,Kevin Ward,Kevin Ward Steven,1999-07-23
723250,4344,November,2019,2003-10-25,Jaclyn Allen,JACLYN ALLEN,2003-10-24
571162,6910,June,2017,2004-02-06,Joshua Haynes,JOSHUA HAYNES,2004-02-11
743748,2201,June,2016,2001-03-22,Katherine Johnson,Brad Johnson,2001-03-21
665582,1287,November,2020,2004-08-26,Christopher Taylor,CHRISTOPHER TAYLOR,2004-08-27
645804,9111,November,2018,2004-02-17,Eric Wheeler,Eric Wheeler,2004-02-18
202239,4882,November,2016,2008-01-07,Regina Erickson,regina erickson,2008-01-02
332958,9790,November,2015,2005-08-01,John Vargas,John Vargas Danielle,2005-07-31
185202,8156,June,2016,2006-11-05,Shannon Lopez,Shannon Lopez Donna,2006-11-04
191243,3278,November,2023,2003-06-12,Rodney Benson,Rodnye Benson,2003-06-07
157444,6987,June,2015,2006-04-04,Nathan Lopez,Nancy Lopez,2006-04-05
706008,3266,June,2016,2005-03-08,Elizabeth Castillo,ELIZABETH CASTILLO,2005-03-09
949697,8890,June,2016,2006-06-29,Ricky Lee,Ricky Lee,2006-06-24
193763,7241,June,2017,2006-06-11,Karla Liu,Karla,2006-06-10
633301,4304,November,2016,2006-12-20,Sarah Roberts,Sraah Roberts,2006-12-25
529286,1837,June,2016,2001-02-15,John Pearson,Carlos Pearson,2001-02-14
533101,2343,June,2016,2002-06-20,Joanne Nunez,JOANNE NUNEZ,2002-06-20
357774,9627,June,2022,2003-04-19,Cheryl Walker,cheryl walker,2003-04-14
822043,5541,November,2021,2001-12-27,Austin Wiggins,Austin Wiggins,2001-12-28
624754,1809,November,2021,2004-01-12,David Hansen,David Hansen Sabrina,2004-01-11
148048,7748,June,2017,2001-08-08,Gregory Watts,GregoryW atts,2001-08-08
151079,1100,June,2015,2001-03-07,Stephen Simmons,Stephen Simmons,2001-03-12
591998,2951,November,2021,2008-02-14,Kim Keith,Erin Keith,2008-02-19
819316,1984,June,2016,2005-05-31,Daniel Roberson,Daniel,2005-05-31
848902,6384,June,2021,2004-10-06,Deanna Smith,Smith Deanna,2004-10-05
735095,7910,November,2020,1999-08-26,Tina Holden,Matthew Holden,1999-08-27
673431,2190,November,2023,2001-09-12,Jack Stone,Jack,2001-09-12
902312,1373,November,2017,2007-03-30,Elizabeth Williams,Elizabeth Williams Cheryl,2007-03-25
707214,2418,June,2015,2006-02-01,Vicki Lewis,Vicki Lewis,2006-02-01
399789,7197,November,2023,2005-08-02,Mrs. Jessica Norton,Jessica Norton Mrs.,2005-08-02
898557,7890,June,2018,2005-10-29,Cody Gray,Cody Gray,2005-10-29
446194,9143,June,2021,2005-06-05,Kristen Weeks,kristen weeks,2005-06-05
226847,1120,June,2018,2003-08-06,Claudia Adams,Claudia Adams Theodore,2003-08-11
528659,1233,November,2015,2000-05-29,Barry Cherry,barry cherry,2000-05-29
498803,8073,June,2022,2000-06-16,Charles Fisher,Chrales Fisher,2000-06-21
951927,8980,November,2015,2006-01-22,Christopher Stein,Christopher Stein,2006-01-17
666473,8830,June,2018,2007-11-21,Daniel Walker,Thomas Walker,2007-11-16
467507,8279,June,2020,2000-06-19,Jeffery Miller,Miller Jeffery,2000-06-24
161969,9925,November,2017,2002-07-07,Anthony Murray,Anthony Murray,2002-07-07
931158,6008,June,2017,2003-08-27,Kenneth Andersen,kenneth andersen,2003-09-01
100741,7377,June,2023,2004-02-14,Erik Edwards,ERIK EDWARDS,2004-02-14
477774,3698,November,2021,2003-10-06,Amanda Reyes,AMANDA REYES,2003-10-11
785753,1390,November,2019,2000-12-03,Tiffany Randall,tiffany randall,2000-12-03
265547,8161,June,2021,2006-03-29,Lisa Mejia,Lisa Mejia Justin,2006-03-30
317432,3996,June,2023,1999-09-28,Brian Warren,Brian Warren James,1999-10-03
152098,2488,June,2017,2003-03-29,Tammy Ware,Tamm yWare,2003-03-30
950040,2728,June,2017,2006-07-22,Peter Walsh,Peter,2006-07-17
957419,7925,June,2017,2002-02-02,Charles Herrera,Charles Herrera Stephanie,2002-02-07
195851,3291,June,2016,2003-08-27,Zachary Roberts,zachary roberts,2003-08-28
545426,4605,November,2016,1999-10-26,Annette Davis,Annette Davis Mary,1999-10-25
290442,5061,November,2017,2003-01-03,Dr. Kelly Anderson,Dr. Kelly Anderson Mariah,2002-12-29
913731,8720,November,2015,1999-12-03,Ashlee Fleming,Fleming Ashlee,1999-12-03
600691,7905,June,2020,2001-12-13,Joseph Waters,JOSEPH WATERS,2001-12-13
433797,6100,June,2015,2001-12-15,Veronica Contreras,Kent Contreras,2001-12-16
948196,6210,November,2017,2006-03-13,Heather Kramer,Cynthia Kramer,2006-03-14
419898,5393,November,2020,2000-08-15,Amber Hood,Amber,2000-08-20
734550,1705,June,2022,2004-06-26,Erin Fitzgerald,Fitzgerald Erin,2004-07-01
747222,2498,November,2016,2000-05-03,Jonathan Booth,oJnathan Booth,2000-04-28
411180,6901,November,2019,2005-09-26,Erica Horton,ERICA HORTON,2005-09-21
867981,2479,November,2017,1999-11-19,Spencer Gross,spencer gross,1999-11-20
591515,1501,June,2023,2001-10-11,Fernando Griffith,Fernando Griffith Katherine,2001-10-06
443207,1125,November,2015,2000-10-10,Philip James,philip james,2000-10-11
917182,9507,November,2017,2001-05-25,Michael Long,MICHAEL LONG,2001-05-20
101148,7980,November,2018,2000-05-04,Christina Cooper,Christina,2000-05-03
246834,8587,November,2019,2003-04-22,Omar Robinson,Robinson Omar,2003-04-22
259309,9911,June,2021,2000-10-17,Taylor Rice,Kimberly Rice,2000-10-22
314434,7155,June,2015,2007-04-25,Michelle Rios,Michelle Rios,2007-04-25
558815,2255,November,2016,2003-11-03,Alexandria Moreno,Selena Moreno,2003-11-03
923654,8808,June,2016,2007-06-28,Whitney Boyle,Boyle Whitney,2007-06-23
477820,9056,November,2016,2001-05-30,Sara Horton,SARA HORTON,2001-05-31
695874,4222,November,2021,2003-05-04,Curtis Ramirez,Nicole Ramirez,2003-05-05
544205,9172,November,2016,2002-07-18,Christine Thomas,Christine,2002-07-23
737376,8029,June,2020,2002-12-22,Colleen Thompson,Colleen Thompson Steven,2002-12-23
851952,1354,June,2022,2000-10-21,Logan Gordon,Logan Grodon,2000-10-16
662573,6036,November,2019,2006-08-11,Holly Faulkner,Holly Fauklner,2006-08-10
216082,6071,June,2017,2008-03-03,Jessica Williams,JESSICA WILLIAMS,2008-02-27
234689,3686,November,2023,2006-02-17,Dr. Gregory Gonzalez,Gregory Dr. Gonzalez,2006-02-18
176894,3971,November,2023,2003-12-23,Jason Andrade,Roberta Andrade,2003-12-24
321345,9684,June,2022,2007-01-11,Joshua Owens,JOSHUA OWENS,2007-01-11
771870,7724,November,2015,2004-05-11,Lisa Daniels,lisa daniels,2004-05-16
422455,6809,June,2022,2003-02-01,April Browning,april browning,2003-01-31
888513,8026,June,2018,2000-05-28,Deborah Moore,Deborah Moore,2000-05-27
586283,2618,November,2016,2002-01-21,Stephanie Martinez,Martinez Stephanie,2002-01-22
498297,7758,November,2020,2003-07-16,Jennifer Hill,JENNIFER HILL,2003-07-11
381956,7271,November,2023,2001-07-12,Frederick Love,Frederick Love Dawn,2001-07-13
152332,4327,November,2023,2003-11-04,Rodney Morgan,Rodney Morgan,2003-11-05
559905,6882,November,2016,2006-01-19,Christopher Ware,christopher ware,2006-01-20
385808,4017,June,2016,2004-03-02,Leroy Lopez,LEROY LOPEZ,2004-02-26
798327,4567,November,2023,2002-12-16,Frederick Johnson,Frederick,2002-12-16
702289,1454,November,2021,2004-11-21,Kristina Griffin,Caitlyn Griffin,2004-11-22
709117,1535,June,2017,2006-03-12,Debbie Graham,Debbie,2006-03-12
675960,5455,June,2021,2000-11-18,Justin Huynh,Justin,2000-11-13
498014,6897,November,2018,2005-12-22,Marie Deleon,Angelica Deleon,2005-12-17
546425,4389,November,2020,2000-08-20,Cindy Clark,Cindy Clark Joshua,2000-08-15
956141,1683,November,2019,2008-04-18,Dr. Olivia Smith,Shaun Olivia Smith,2008-04-18
796091,6080,June,2018,1999-09-27,Felicia Lopez,Felicia Lopze,1999-09-26
864581,3504,November,2020,2003-01-07,Alyssa Sanchez,Alyssa,2003-01-07
552516,9504,June,2018,2002-04-24,Joseph Bishop,Joseph Bishop,2002-04-25
394009,4911,November,2023,2002-04-26,Rachel Woodard,Rachel Woodard,2002-04-26
197107,1133,June,2016,2006-11-06,Jason Mata,Jason,2006-11-06
655526,2875,June,2023,2004-11-15,Elizabeth Cole,Elizabeth Cole,2004-11-20
837262,3333,June,2018,2001-08-17,Jill Henry,Jill Henry,2001-08-16
421118,5655,June,2015,2005-05-28,Victoria Morales,Victoria Morales,2005-05-29
455707,7924,November,2018,2005-11-24,Jenny Johnson,Jenny Johnson Daniel,2005-11-24
165040,6810,November,2023,2005-11-13,Chad Harmon,CHAD HARMON,2005-11-14
434957,1426,June,2018,2003-04-26,Michael Anderson,Adam Anderson,2003-04-26
969145,8737,November,2017,2003-12-13,Jillian Wagner,Jillian Wagner Jason,2003-12-14
645844,7823,November,2017,2004-07-26,Jennifer Myers,JENNIFER MYERS,2004-07-26
630102,8408,November,2015,2002-12-06,Alfred Walker,Alfred Walker,2002-12-07
984885,6023,June,2018,2000-11-17,Richard Mcintyre,Mcintyre Richard,2000-11-16
453151,3585,November,2021,2007-12-26,Laura Price,Laura Price,2007-12-31
360274,2904,June,2022,2004-07-17,Michelle Moore,michelle moore,2004-07-16
867545,6024,June,2018,2004-08-05,Richard Roberts,Richard Robrets,2004-08-05
777213,7519,November,2021,2000-06-11,Tina Ortiz,Tina Ortiz Jeffrey,2000-06-12
599866,7061,November,2019,2007-01-23,Marc Riley,Shelly Riley,2007-01-22
995541,5985,November,2023,1999-07-13,Jessica Jones,Jessica,1999-07-18
716749,4444,June,2015,2003-12-12,Benjamin Chan,Benjamin Chan Alexander,2003-12-17
469976,3263,November,2019,2001-01-20,Barbara Garcia,Ryan Garcia,2001-01-15
242946,4968,June,2020,2007-07-20,Andrew Contreras,Andrew Contreras Steve,2007-07-20
213734,3353,November,2019,2007-08-05,Brandy Garcia,Garcia Brandy,2007-08-05
445170,5617,June,2015,2006-03-31,Donna Reid,Donna,2006-04-05
145336,1097,November,2017,2005-04-15,Joel Roach,Terry Roach,2005-04-10
548170,3315,November,2019,2001-09-11,Joshua Harvey,Joshua,2001-09-12
721088,9133,November,2015,2006-09-01,Betty Howard,Betty Howard,2006-09-06
559330,3948,June,2023,2005-02-16,Kayla Fox,Kayla Fox Michael,2005-02-17
746171,5911,November,2017,2000-09-11,Kimberly Smith,kimberly smith,2000-09-16
210971,9221,November,2016,2007-03-18,David Henderson,david henderson,2007-03-19
502288,6487,November,2023,2006-12-30,Donna Stevens,Donna Stevens Jeffrey,2006-12-29
408173,9870,June,2018,2008-04-15,Meghan Sharp,Meghan Sharp,2008-04-15
212470,4723,November,2020,1999-09-24,Nicholas Salas,Nicholas aSlas,1999-09-24
943979,8879,November,2022,2002-12-05,Christine Green,Stephanie Green,2002-11-30
891027,1331,June,2016,2003-11-29,Linda King,King Linda,2003-11-30
965663,9810,November,2023,2001-08-09,Crystal Lee,Crystal,2001-08-09
490814,4106,June,2017,2006-02-14,Robyn Nelson,Robyn Nelson,2006-02-13
778011,7284,November,2022,2003-10-24,Glenn Carney,Glenn Carney Jo,2003-10-23
239621,3659,June,2016,2005-07-01,Kathryn Villa,Kathryn Villa Steven,2005-07-02
983005,6418,June,2020,2004-12-24,John Woods,John Woods,2004-12-19
938742,6370,November,2019,2002-10-07,Christopher Armstrong,christopher armstrong,2002-10-06
880440,1962,June,2022,2007-12-28,Angela Bell,angela bell,2007-12-23
367709,5385,November,2021,2005-07-19,Michael Daniels,Michael,2005-07-20
614426,5973,November,2021,2007-07-07,Rhonda Perez,Rhonda Perez,2007-07-02
689120,6383,June,2020,2008-05-28,Travis Stewart,Travis Stewart Cheyenne,2008-05-23
962424,2258,June,2015,1999-09-27,Michael Williamson,Williamson Michael,1999-09-22
610685,7049,November,2019,2002-01-15,Sarah Ware,SARAH WARE,2002-01-14
529659,9304,November,2023,2004-07-02,Jason Baker,Jaosn Baker,2004-07-07
676295,9246,June,2015,2007-01-07,Andrew Short,Andrew hSort,2007-01-07
688687,8949,November,2021,2006-08-03,Samuel Herman,Samuel Herman Caitlyn,2006-08-02
460836,2655,November,2020,2004-03-25,Michelle White PhD,michelle white phd,2004-03-24
135448,1118,November,2015,2007-03-13,Daniel Jackson,Jackson Daniel,2007-03-12
288018,2384,June,2015,2005-05-23,Grace Nelson,grace nelson,2005-05-28
584361,9166,June,2020,2003-07-22,Joseph Carney,Joseph,2003-07-17
376591,2634,November,2023,2003-01-07,Jordan Rivera,Jordan Rivera,2003-01-12
859425,8862,June,2016,2002-07-22,Paul Murphy,Paul Murphy,2002-07-17
147972,2855,June,2021,2007-11-13,Mario Rice,Mario,2007-11-14
529155,5902,June,2023,2002-04-13,Joshua Nichols,Diane Nichols,2002-04-13
421431,7688,June,2018,2004-07-12,Regina Morrison,ReginaM orrison,2004-07-07
271073,3799,June,2023,2006-08-19,Lauren Marshall,lauren marshall,2006-08-19
453503,9822,November,2016,2004-11-10,Mary Clements,MARY CLEMENTS,2004-11-15
113848,4496,November,2016,2007-01-12,Robert Marshall,Rebecca Marshall,2007-01-07
634855,1280,June,2018,2001-08-06,Sandra Mckee,Sandra Mckee,2001-08-06
924121,1623,November,2019,2004-03-08,Cynthia Gilbert,Cynthia Gilbert,2004-03-07
726090,3855,November,2018,2005-12-13,Jesse Yang,Jesse Yang Nicole,2005-12-14
979891,9462,June,2015,2007-01-09,Ronald Ramirez,RONALD RAMIREZ,2007-01-04
596164,1873,June,2022,2005-07-18,Dr. Paul Martinez,DR. PAUL MARTINEZ,2005-07-17
792621,2924,June,2016,2003-07-17,Erica Fisher,Erica Fisher,2003-07-17
832606,6231,November,2019,2001-08-22,Alexandria Mora,Alexandria Mora,2001-08-23
519282,1264,June,2017,2000-08-16,Sydney Rodriguez,Sydne yRodriguez,2000-08-11
745654,4697,November,2021,2004-09-17,Brittney Smith,BRITTNEY SMITH,2004-09-12
322382,4833,June,2015,2003-08-04,Donald Tucker,donald tucker,2003-08-03
292743,6689,November,2020,2006-08-22,Erica Kelly,Eirca Kelly,2006-08-23
799644,4382,November,2020,2006-06-02,Ashley Palmer,ASHLEY PALMER,2006-06-01
896478,8287,November,2021,2005-09-06,Evan Kane,Evan Knae,2005-09-07
948386,4142,November,2021,2000-03-20,Jacob Mitchell,JACOB MITCHELL,2000-03-19
989753,7865,June,2015,2003-12-17,Nicole Decker,NICOLE DECKER,2003-12-16
580990,6830,November,2022,2006-03-03,Sharon Lam,Monica Lam,2006-03-08
533521,6478,June,2021,2005-03-17,Thomas Torres,Thomas Torres,2005-03-17
510768,2423,June,2022,2006-03-09,Lisa Griffin,LISA GRIFFIN,2006-03-10
287061,5920,November,2022,2006-07-07,Gregory Higgins,GREGORY HIGGINS,2006-07-02
253917,1135,November,2020,2001-05-03,James Heath,James Heath,2001-04-28
242210,6168,June,2021,2002-03-10,Anthony Flowers,Colleen Flowers,2002-03-09
483391,7329,November,2021,2000-03-20,Tyler Howard,Tyler Howard,2000-03-19
747885,7384,June,2017,2001-02-25,Laura Brown,David Brown,2001-03-02
316093,6404,November,2017,2007-08-22,Elizabeth Johnson,Justin Johnson,2007-08-17
953915,8948,November,2018,2008-06-06,Brian Hughes Jr.,rBian Hughes Jr.,2008-06-06
234708,8240,June,2023,2000-06-22,Jennifer Buckley,Jennifer,2000-06-23
383716,5216,June,2016,2000-02-15,Pamela Stewart,William Stewart,2000-02-16
762902,3258,November,2016,2007-02-08,Thomas Dennis,Anna Dennis,2007-02-09
846768,5624,November,2016,2002-11-06,Ruben Walker,Ruben Walker,2002-11-07
728356,6185,June,2021,2007-08-05,Damon Martinez,Damon Martinez,2007-08-06
678879,5181,June,2016,2002-06-11,Angelica Young,AngelicaY oung,2002-06-16
760203,2623,June,2022,2002-09-22,Dylan Lopez,Dylan Lopez Caitlin,2002-09-22
510564,2215,June,2018,2004-01-22,Henry Cole,Henry Cole Howard,2004-01-23
352541,5344,November,2020,2004-01-17,Jon Kennedy,JON KENNEDY,2004-01-18
653291,3141,June,2018,2000-09-18,Kevin Drake,Kevin Drake Jim,2000-09-13
515236,9260,November,2019,2008-02-13,Michael Garcia,Michael Garcia Charles,2008-02-18
264092,1235,June,2015,2006-07-07,Kimberly Robles,Veronica Robles,2006-07-06
890212,6976,June,2021,2008-04-15,George Young DVM,George Yonug DVM,2008-04-10
665399,1649,June,2018,2003-09-13,Michelle Burns,Michelle,2003-09-08
335661,9996,June,2022,2001-11-26,Charles Rose,Charles Rose Christopher,2001-11-25
115794,3241,June,2021,1999-11-17,Dawn Gray,DAWN GRAY,1999-11-12
445920,5474,November,2022,2002-11-27,George Huff,george huff,2002-12-02
189751,7501,November,2015,2002-11-25,Thomas White,Thomas White,2002-11-30
960263,8015,November,2022,2005-11-21,Sean Riley,sean riley,2005-11-26
787665,9364,June,2017,2000-06-15,Margaret Hanna,Margaret,2000-06-10
857285,5649,November,2023,2007-02-24,Eduardo Sawyer,Eduardo,2007-02-25
961489,4857,June,2019,1999-10-08,Joanne Garner,Joanne Garner Veronica,1999-10-09
347311,7618,November,2022,2007-03-19,Mr. Timothy Carey MD,mr. timothy carey md,2007-03-18
923320,8421,November,2023,1999-11-25,Kevin Lawrence,Kevin Lawrence Dawn,1999-11-25
224541,8878,June,2018,2003-03-12,Barbara Trevino,Barbara Trveino,2003-03-11
381084,1637,November,2017,2004-03-01,Robert Dodson,Robert Dodson Nicholas,2004-02-29
260133,6919,June,2020,2000-08-13,Francisco Cox,Joel Cox,2000-08-18
694542,7436,November,2023,2005-08-13,Nancy Barajas,Nancy,2005-08-13
858431,3035,June,2023,2004-03-27,Samuel Lewis,Samuel Lewis,2004-03-22
252636,6179,November,2017,2001-01-18,Natalie Jackson,Natalie Jackson,2001-01-13
224219,4058,June,2019,1999-11-01,Isaac Chung,Isaa cChung,1999-10-31
846207,9540,June,2015,2003-02-20,Antonio Dunn,Dunn Antonio,2003-02-20
450996,3772,November,2022,2004-03-13,Antonio Young,Antonio Young,2004-03-08
396650,8195,June,2023,2002-10-30,Nicole Blackburn,Nicole Blackburn,2002-10-30
501855,9901,November,2021,2003-07-19,Stephanie Wade,Stephanie Wade Chase,2003-07-20
687103,8017,June,2015,1999-08-19,Lisa Campbell,Lisa Campbell,1999-08-19
999554,7776,June,2020,2007-03-19,Jennifer Richard,Richard Jennifer,2007-03-24
643237,1190,November,2022,2002-04-27,Bradley Cruz,BRADLEY CRUZ,2002-04-26
358435,2854,June,2017,2000-05-15,George Peck,GEORGE PECK,2000-05-20
589529,5240,November,2015,2002-06-19,Kelly Woods,Kelly Wodos,2002-06-20
452954,6413,November,2017,2007-01-05,Dr. Elizabeth Jackson,rD. Elizabeth Jackson,2007-01-04
927861,7572,November,2022,2006-08-18,Jessica Evans,Jessica Evans,2006-08-17
290589,9130,June,2020,2005-07-20,Samuel Williams,Samuel Williams,2005-07-25
285399,2494,November,2022,2005-08-26,Carol Bell,Carol Bell Keith,2005-08-31
418446,8685,June,2020,2003-11-03,Amy Ortega,Ortega Amy,2003-11-08
907397,6075,June,2023,2007-12-01,Paige Hubbard,Paige,2007-11-30
954343,8158,November,2016,2004-11-20,Jordan Adkins,Adkins Jordan,2004-11-20
281363,4596,November,2020,2001-12-20,Travis Brown,Traivs Brown,2001-12-20
396630,7557,November,2023,2002-09-03,Jennifer Jackson,JENNIFER JACKSON,2002-08-29
547636,5681,November,2022,2002-02-23,David Le,Le David,2002-02-22
154927,3481,November,2021,2007-09-23,Timothy Patterson,Timothy,2007-09-18
355290,6407,November,2023,2006-10-22,Hayley Mcdonald,Hayley Mcdonald,2006-10-22
705006,6887,November,2023,2006-11-07,Michael Fleming,Jennifer Fleming,2006-11-12
711601,3464,November,2015,2007-07-17,James Watkins,James Watkins,2007-07-17
195096,4923,June,2016,2002-09-10,Jonathan Rivera,Jonathan Rivera,2002-09-09
603859,1473,June,2018,2000-10-02,Samantha Cook,Samantha,2000-10-01
294170,7006,June,2018,2002-12-23,Lisa Watson,Lisa,2002-12-28
422617,2074,June,2017,2001-04-14,Curtis Murphy,Victoria Murphy,2001-04-09
581998,5476,November,2015,2005-08-26,Victor Luna,VICTOR LUNA,2005-08-21
129504,9479,June,2017,2006-01-09,Paul Schultz,PAUL SCHULTZ,2006-01-09
380536,3940,June,2019,2004-03-04,Wesley Townsend,Wesley,2004-03-05
125372,8193,November,2021,2007-05-07,Deborah Jones,Deborah Jones Patricia,2007-05-08
304229,4343,June,2021,2006-11-24,Melissa Maxwell,Melissa Maxwell,2006-11-19
714728,7933,June,2015,2006-03-06,Gerald Barrett,Gerald Barrett Jill,2006-03-01
833625,8088,June,2019,2002-08-26,Travis Reilly,TRAVIS REILLY,2002-08-26
764349,4595,November,2022,2003-12-11,Melanie Tucker,Melanie,2003-12-12
565625,2426,June,2022,2007-12-29,Thomas Carrillo,Carrillo Thomas,2007-12-28
708073,7562,November,2023,2005-05-10,Tammy Gray,tammy gray,2005-05-10
867122,6704,November,2020,2004-08-22,Laura Jones,laura jones,2004-08-17
957325,1737,June,2015,2007-05-01,Diana Chambers,Diana,2007-04-26
428899,9537,June,2019,1999-10-17,Cory King,Cory King Tammie,1999-10-16
718566,1421,June,2021,2007-02-09,Jennifer Johnson DVM,jennifer johnson dvm,2007-02-14
496962,4971,June,2017,2006-08-11,Christine Gonzales,Christnie Gonzales,2006-08-10
346166,2927,June,2017,2007-11-04,Calvin Lewis,Calvin Lewis,2007-11-09
394456,5703,November,2023,2003-10-07,Ryan Becker,Rayn Becker,2003-10-02
784339,9388,November,2016,2004-02-04,Tina Davis,Tammy Davis,2004-02-03
377680,9984,November,2020,2000-08-19,Edward Bolton,Bolton Edward,2000-08-18
291178,5628,November,2016,2007-08-15,Mallory Fitzgerald,Mallory Fitzgerald William,2007-08-14
350734,6180,November,2022,2007-01-26,Darlene Mcdonald,Darlene Mcdnoald,2007-01-26
115200,1600,June,2020,2001-01-15,Sandra Brown,Sandra,2001-01-15
239343,2799,June,2015,2003-05-17,Eric Collins DVM,DVM Collins Eric,2003-05-17
603381,8982,November,2020,2002-09-27,Ronald Wallace,Ronald Wallace Eric,2002-09-26
906401,3640,November,2022,2000-04-14,Mark Briggs,Mark Briggs Michelle,2000-04-15
240418,6330,November,2022,2004-09-19,Annette Johnson,ANNETTE JOHNSON,2004-09-24
313189,9093,June,2016,2004-07-19,Jessica Gordon,jessica gordon,2004-07-19
774952,3234,June,2019,2004-11-23,Katherine Martin,KATHERINE MARTIN,2004-11-18
704392,6052,June,2023,2002-07-05,Mr. Jerry Clarke PhD,Mr. Jerry Clarke,2002-06-30
165579,2563,June,2015,2001-04-14,Tracy Stevens,Tracy Stveens,2001-04-19
579737,4912,November,2017,2007-01-10,Lori Johnston,Lori,2007-01-10
448907,7009,June,2019,2000-11-21,Amanda Douglas,Justin Douglas,2000-11-20
263249,5378,June,2021,1999-07-03,Christina Sampson,Christina Sampson,1999-07-03
955208,8549,June,2017,2001-08-21,Jason Moss,jason moss,2001-08-26
112888,2295,November,2017,2006-06-09,Mary Wagner,mary wagner,2006-06-08
202933,7838,November,2020,2002-10-17,Kenneth Warren,Kenneth Warren,2002-10-12
791768,4442,June,2016,1999-08-28,Christine Campbell,Christine Campbell Brian,1999-08-28
480652,5478,June,2015,2005-07-22,Patrick Carlson,Patrick Carlson Travis,2005-07-21
546758,5338,November,2022,2005-03-28,Nicholas Suarez,Nicholas Suarez,2005-03-29
118195,4684,June,2020,2002-03-06,Sheryl Cook,Sherly Cook,2002-03-01
358315,7975,June,2021,2003-05-22,Damon Griffin,Damon Griffin Stacey,2003-05-23
622404,4785,June,2023,2006-01-19,Angel Ford,Angel,2006-01-19
198339,7698,June,2023,1999-09-03,Andrew Arroyo,Andrew Arroyo Gloria,1999-09-04
383611,7400,November,2022,2005-07-02,Sarah Horne,Sarah Horne,2005-07-03
759832,9443,June,2022,2001-11-25,Brooke Thompson,Thompson Brooke,2001-11-24
885757,2099,November,2018,2004-05-02,Matthew Joseph,matthew joseph,2004-05-01
448028,3200,June,2020,2006-05-06,Haley Johnson,HALEY JOHNSON,2006-05-11
708686,7034,June,2021,2007-04-12,Audrey Anderson,AUDREY ANDERSON,2007-04-12
892451,4455,November,2022,2002-02-18,Lindsey Wilson MD,Wilson Lindsey MD,2002-02-19
621745,9023,November,2015,2002-10-20,Amanda Acosta,Amanda Acosta,2002-10-19
935679,1009,June,2017,2002-10-27,Laura Hayes,Laura Hayes,2002-10-26
131734,5847,June,2015,2004-02-25,Dawn Miller,Danw Miller,2004-02-24
905157,4244,November,2015,2005-01-22,Robert Rodriguez,ROBERT RODRIGUEZ,2005-01-22
759786,9401,June,2022,1999-08-28,Stanley Williams,Gerald Williams,1999-09-02
306927,3584,November,2017,2000-11-29,William Wilson,William,2000-11-28
451519,9116,June,2017,2001-09-29,Jeffrey Gomez,Jeffrey Gomez,2001-10-04
708488,5004,November,2022,2006-09-23,Jennifer Simmons,JENNIFER SIMMONS,2006-09-28
722723,7613,June,2021,1999-10-17,Joshua Bennett,joshua bennett,1999-10-18
389971,6356,June,2015,2007-07-20,Eric French,Eric,2007-07-19
346740,5999,June,2016,2000-09-12,Ashley Conrad,Nathan Conrad,2000-09-11
410228,4634,June,2023,2003-06-23,Kimberly Lee,KIMBERLY LEE,2003-06-28
375395,2626,June,2022,2000-11-18,Michael Gould,Michael Gould,2000-11-17
160117,5913,November,2023,2008-04-13,Cody Wright,Cody Wright Kimberly,2008-04-14
246089,9378,June,2023,2006-05-22,Katie Davis,Katie Davis,2006-05-23
218890,9191,November,2020,2008-03-11,Jason Gonzalez,JASON GONZALEZ,2008-03-16
139465,9450,November,2017,2007-07-11,Debra Dunlap,Timothy Dunlap,2007-07-11
297126,4591,June,2016,2000-02-29,William Lewis,William,2000-02-29
459636,3991,November,2018,2002-06-02,Nicole Baker,Nicole Baker,2002-05-28
346535,6936,June,2023,2001-05-23,Anthony Sherman,Anthony,2001-05-18
833341,9322,June,2020,1999-11-02,Dana Spencer,Dana Spencer Amy,1999-11-03
670062,6198,June,2017,2001-11-22,Nancy Glover,Nanc yGlover,2001-11-23
226907,5993,November,2020,2005-07-02,Terry Molina,Terry Molian,2005-07-07
261987,1525,November,2018,2005-07-12,Morgan Lewis,John Lewis,2005-07-13
731213,5220,June,2020,2008-02-29,James Brown,Kevin Brown,2008-03-05
574877,8786,November,2019,2004-05-10,Michele Steele,Michele Steele Mary,2004-05-15
332701,5490,November,2017,1999-11-01,Glenn Maldonado,Glenn Maldonado,1999-10-27
635124,1907,June,2016,2004-02-07,Karla King,Karla,2004-02-06
612848,1658,November,2023,2003-09-15,Kevin Weber,Kevin Weber,2003-09-20
501749,8021,June,2021,2004-10-27,Laura Bell,LAURA BELL,2004-10-22
351283,8086,June,2022,2003-06-09,Sarah Wilson,Sarah,2003-06-14
270527,5465,June,2016,2005-05-07,Whitney Sanchez,Whitney Sanchez,2005-05-07
215031,6446,June,2015,1999-06-22,Amber Conley,Amber,1999-06-23
356483,7579,November,2015,2007-09-03,Christopher Bennett,Lisa Bennett,2007-09-02
178926,2751,November,2015,2000-02-16,Tamara Acosta,Tamraa Acosta,2000-02-15
510539,4448,June,2023,2004-05-05,Eric Rose,Rose Eric,2004-05-10
674402,3693,June,2020,2007-07-28,Kevin Williams,Kevin Williams,2007-07-27
132689,1003,June,2016,2000-07-05,Christopher Ramos,Christopher,2000-07-05
424650,3197,November,2021,2001-05-22,Lisa Daniels,Daniels Lisa,2001-05-23
919415,5521,June,2016,2007-09-01,Ashley Chapman,Ashley Chapamn,2007-09-06
676416,8977,November,2020,2003-07-17,Jeremy Ross,Ross Jeremy,2003-07-17
239464,5746,November,2021,2002-08-04,Breanna Shea,Breanna Shea,2002-08-09
134023,2715,November,2017,2005-05-09,Jessica Young,JESSICA YOUNG,2005-05-10
321065,3379,June,2023,2006-02-06,Daryl Contreras,Daryl Contreras Wendy,2006-02-06
802359,6428,June,2023,2001-07-23,John Gardner,John Gadrner,2001-07-23
161546,7513,November,2022,2007-11-02,Ruth Bender,Ruth Bender Dominic,2007-11-01
944822,8578,November,2022,2003-09-13,David Stewart,David Stewart,2003-09-18
710853,2874,November,2016,2002-12-23,Christopher Villanueva,CHRISTOPHER VILLANUEVA,2002-12-23
887698,7663,November,2018,2005-05-01,Matthew Espinoza,Matthew Espinoza Louis,2005-04-30
301635,4367,November,2020,2001-03-05,Elizabeth Mueller,Elizabeth Mueller,2001-03-10
938030,8208,November,2018,2005-01-27,Brooke Boyle,BROOKE BOYLE,2005-01-27
776627,3629,November,2020,2001-12-10,Carrie Mckinney,carrie mckinney,2001-12-05
468204,8481,November,2020,2001-07-01,Haley Dominguez,Haley Dominguez,2001-07-01
741274,5409,June,2018,2007-12-29,Lisa Cox,Cox Lisa,2007-12-30
798396,8942,June,2019,2001-09-02,Charles Williamson,Williamson Charles,2001-09-01
172793,9347,June,2020,2004-08-12,Matthew Walters,MATTHEW WALTERS,2004-08-11
213752,7761,June,2016,2005-10-08,Sandra Roberts,Sandra Roberts,2005-10-09
512230,7660,June,2022,1999-08-11,Marilyn Bird,Marilyn Bird Christine,1999-08-11
113871,1226,November,2019,2003-06-16,Michael Rivera,michael rivera,2003-06-17
465371,8094,November,2021,2006-06-23,Catherine Hernandez,catherine hernandez,2006-06-22
452730,2063,June,2023,2005-04-01,Ashley French,David French,2005-04-02
367543,5556,June,2023,2003-05-08,Chad Cohen,Chad,2003-05-08
843881,6649,June,2022,2008-02-08,Tracy Chapman,Joshua Chapman,2008-02-03
428840,9082,November,2015,2004-07-15,Douglas Maldonado,Douglas Maldonado,2004-07-10
567231,8861,June,2020,2007-10-25,Christine Patterson,Chrisitne Patterson,2007-10-25
394253,9153,November,2018,2002-03-12,Kevin Sims,Peggy Sims,2002-03-12
822783,2377,November,2020,2005-01-07,Rebecca Massey,Jodi Massey,2005-01-06
413580,1006,November,2018,2007-04-15,Jacob James,Jacob James Robin,2007-04-16
902137,6555,November,2021,2005-10-19,Joseph Knox,Matthew Knox,2005-10-19
192779,3602,June,2017,2001-09-27,Lindsey Baker,Baker Lindsey,2001-10-02
247196,1381,November,2018,2000-03-16,Kelli Rodgers,Kelli,2000-03-21
375540,6305,November,2018,2004-02-10,Daniel Lee,daniel lee,2004-02-09
216715,3303,November,2015,2004-08-25,Rachel Cole MD,Rachel Cole,2004-08-24
903918,6114,November,2017,2001-10-01,Cassandra Knox,Cassandra Knox Linda,2001-10-06
700937,3679,November,2019,2004-09-29,Leslie Acevedo,Leslie Acevedo,2004-09-29
415955,4451,November,2016,2000-02-17,Manuel Holmes,Manuel Holmes,2000-02-16
385111,8642,June,2019,2003-02-23,Grant Baker,GRANT BAKER,2003-02-24
445188,8985,November,2020,2003-07-17,Krystal Little,Krystal Little Richard,2003-07-17
886511,7569,November,2023,2004-03-02,Douglas Aguilar,Douglsa Aguilar,2004-03-07
435842,4608,June,2021,2000-08-15,Kathryn Alvarez,Kathryn Alvarez David,2000-08-10
885606,9459,June,2023,2005-12-23,Meghan Lopez,Megha nLopez,2005-12-22
690354,1569,November,2023,2001-10-10,Gabriel Thompson,Timothy Thompson,2001-10-11
701679,8585,June,2021,2003-03-10,Richard Stephens,RichardS tephens,2003-03-15
604326,7895,June,2017,2002-11-07,Tina Duncan,Tina,2002-11-07
383048,7481,November,2016,2007-11-30,Lindsay Frost,lindsay frost,2007-11-25
218629,6338,November,2018,2008-03-16,Nathan French,Nathan French Amanda,2008-03-16
671866,5320,November,2019,2000-05-29,Richard Burton,Richard,2000-06-03
423642,6256,November,2022,2007-04-14,Debbie Edwards,Kendra Edwards,2007-04-14
994717,9293,November,2017,1999-10-09,Linda Sanchez,Linda Sanchez,1999-10-08
184127,2286,June,2018,2002-09-16,Cameron Collins,CAMERON COLLINS,2002-09-16
961717,4891,June,2017,2000-07-22,Joe Johnston,JOE JOHNSTON,2000-07-23
383320,4187,June,2016,2006-07-04,Jackie Taylor,Jackie Taylor,2006-07-05
680441,8055,June,2021,2001-12-06,Erica Booker,ERICA BOOKER,2001-12-11
810956,6184,June,2019,1999-11-08,Victoria Garcia,victoria garcia,1999-11-13
712202,2470,June,2021,2005-09-12,Kathy Cannon,Cannon Kathy,2005-09-12
567516,1002,November,2022,2008-05-28,Daniel Gates,daniel gates,2008-05-27
712088,9763,June,2015,2006-07-07,Daniel Thomas,Daniel Thomas Traci,2006-07-02
235391,7605,November,2022,2001-10-12,Brandon Wilson,Brandon iWlson,2001-10-13
106756,8247,November,2017,2003-09-01,Steven Ho,steven ho,2003-09-06
270955,9007,November,2021,2000-05-31,Mathew Moore,Mathe wMoore,2000-06-05
691707,2242,November,2023,2002-04-25,Susan Hernandez,SUSAN HERNANDEZ,2002-04-24
619753,8631,November,2019,2002-10-07,David Richards,David,2002-10-07
294771,8511,November,2017,2001-08-19,Joshua Chavez,Joshua Chavez,2001-08-19
568007,6727,June,2023,2000-11-05,Elizabeth Watts,Elizabeth Watts Jose,2000-11-04
290942,2711,November,2022,2007-11-05,Kathleen Knight,Kathleen Knight,2007-11-10
208697,8016,November,2022,1999-12-01,Jeffrey Stone,Jeffrey Stone,1999-12-01
745043,2565,November,2019,2004-08-25,Vanessa Miller,Miller Vanessa,2004-08-30
540551,3568,November,2018,2000-06-19,Theresa Smith,Theresa,2000-06-20
252948,8400,November,2018,2000-04-29,Jessica Miller,Jessica,2000-04-28
121593,3102,November,2018,2000-06-18,Michael Yang,MICHAEL YANG,2000-06-18
414275,2333,November,2018,2005-08-10,Derrick Sawyer,Derrcik Sawyer,2005-08-15
142194,9267,November,2021,2007-01-26,Gwendolyn Ward,GWENDOLYN WARD,2007-01-25
284976,4992,June,2017,2002-08-23,Chelsea Bautista,CHELSEA BAUTISTA,2002-08-23
656490,1221,November,2022,2007-08-05,Nathaniel Braun,Yvette Braun,2007-08-05
959109,5829,June,2020,2004-09-23,Patricia Benitez,patricia benitez,2004-09-18
410046,9666,June,2023,2008-01-05,Michelle Williams,michelle williams,2007-12-31
579320,1859,June,2019,2002-02-15,Kristi Joyce,kristi joyce,2002-02-15
609103,3513,November,2015,2005-02-11,Gwendolyn Cervantes,GWENDOLYN CERVANTES,2005-02-10
398475,5002,June,2015,2005-10-30,Joshua Rodriguez Jr.,Joshua Jr. Rodriguez,2005-10-31
625949,6841,November,2022,2006-03-08,Alexandra Blankenship,Rebekah Blankenship,2006-03-08
642011,6752,June,2020,2003-08-11,Nathaniel Paul,nathaniel paul,2003-08-06
535812,3480,June,2019,2003-07-10,Laura Thomas DDS,LAURA THOMAS DDS,2003-07-11
979890,5759,November,2017,2007-11-15,Jennifer Kelly,Jennifre Kelly,2007-11-14
757505,8169,June,2016,2003-06-24,Alicia Roman,Alicia,2003-06-23
242269,7230,November,2018,2005-05-20,Evan Mccall,Evan Mccall,2005-05-15
112009,5093,June,2023,2001-10-05,Elizabeth Parsons DDS,Caitlin Parsons DDS,2001-10-04
444789,7815,November,2019,2005-04-23,Melissa Bailey,melissa bailey,2005-04-23
386783,3290,June,2023,2005-12-28,Katherine Tucker,KATHERINE TUCKER,2006-01-02
667685,9848,November,2022,2004-03-29,Dr. Javier Martinez,Martinez Dr. Javier,2004-03-29
748736,8822,June,2016,2007-05-10,Caitlin Contreras,Caitlin,2007-05-09
659988,5104,November,2015,2007-03-15,James Dickerson,James Dicekrson,2007-03-14
141738,5227,June,2021,2008-03-16,Robert Lee,Robert Lee,2008-03-15
639246,5785,June,2022,2002-01-18,Ana Mclaughlin,ana mclaughlin,2002-01-23
949954,5799,November,2016,2004-08-01,Julie Brewer,julie brewer,2004-07-31
422923,4942,November,2016,2001-09-03,Wendy Wall,Wendy Wall John,2001-09-08
135993,5927,June,2015,2002-05-28,John Sims MD,john sims md,2002-05-28
593816,5447,June,2017,2006-07-23,Bradley Durham,Bradley Durham,2006-07-24
859627,7474,November,2022,1999-08-21,Brandy Sanders DDS,Brandy Sanders DDS,1999-08-20
223710,2550,November,2020,2005-09-23,Derek Mcdonald,eDrek Mcdonald,2005-09-22
737709,8780,November,2022,1999-07-27,Matthew Turner,Matthew uTrner,1999-08-01
436108,4453,November,2018,2003-01-16,Jesse Smith,jesse smith,2003-01-21
374076,3933,November,2020,2003-06-15,Michael Miller,Michael Mliler,2003-06-16
646003,4119,June,2016,2007-06-11,Belinda Yates,belinda yates,2007-06-16
473551,1589,November,2019,2004-07-01,Erica Robinson,Erica Robinson Alan,2004-07-01
954517,2608,November,2015,2000-11-13,Charles Daniels,Charles,2000-11-18
479638,5350,June,2015,1999-08-01,Carlos Harris,Carlos Harris William,1999-08-06
298966,7938,June,2020,2007-06-17,Felicia Steele,Felicia,2007-06-12
204424,4931,June,2023,2005-08-24,Kim Young,kim young,2005-08-25
644870,7558,November,2020,2005-03-23,Fred Rivera,Fred Rivera Taylor,2005-03-24
150369,4406,June,2016,2001-09-19,Roberto Kennedy,ROBERTO KENNEDY,2001-09-24
939350,9765,June,2017,2007-04-08,Ashley Cruz,Ashley Cruz,2007-04-07
284846,6686,June,2016,2004-01-31,Michelle Orozco,Orozco Michelle,2004-02-01
917787,6372,June,2021,2006-12-23,Steven Rose,tSeven Rose,2006-12-24
395811,9926,November,2018,2006-11-22,Stacey Willis,STACEY WILLIS,2006-11-27
324469,6014,June,2018,2007-05-28,Craig Lawson,CRAIG LAWSON,2007-05-29
788951,9798,November,2015,2002-09-14,David Zamora,David,2002-09-14
526023,1358,November,2015,2005-06-26,Nicholas Burns,NicholasB urns,2005-07-01
921349,6635,June,2016,2004-04-03,Brad Gutierrez,BRAD GUTIERREZ,2004-04-03
265859,9995,June,2023,2002-07-07,Lori Gonzalez,LORI GONZALEZ,2002-07-02
989278,5364,June,2023,2004-05-22,Samantha Montgomery,Montgomery Samantha,2004-05-23
509651,5015,June,2017,1999-10-19,William Baker,William,1999-10-24
740453,1477,June,2020,2007-02-28,Breanna Knapp,Breanna,2007-03-01
725546,9118,June,2017,2001-08-19,Joel Moon,Joel,2001-08-18
800613,7789,November,2017,2007-06-06,Micheal Rowe,Eric Rowe,2007-06-11
669281,6609,November,2020,2002-01-18,Kelly Fry DVM,Kelly Fry DVM Matthew,2002-01-23
392774,2393,November,2021,2005-08-08,Steve Sullivan,Steve Sullivan Danielle,2005-08-09
639794,3674,June,2023,2002-05-29,Sarah Bryant,Sarah,2002-05-28
806559,6515,November,2020,2003-09-24,Christine Thomas,Edwin Thomas,2003-09-25
301600,2307,November,2015,2000-07-28,Joe Nguyen,oJe Nguyen,2000-07-23
541528,1113,June,2019,2000-05-03,Robert Mills,Robret Mills,2000-04-28
744110,2782,June,2020,2002-06-25,Andrew Mcdonald Jr.,Andrew Mcdonald J.r,2002-06-20
729113,3786,June,2016,2002-12-22,Julie Lee,Amber Lee,2002-12-17
356349,8236,November,2017,2007-12-25,Lisa Leon,Lisa eLon,2007-12-24
691487,2456,June,2018,2007-11-25,Richard Michael,Rcihard Michael,2007-11-25
675580,9353,November,2018,2007-09-24,Sarah Fisher,Sarah Fisher William,2007-09-19
530459,8802,November,2017,1999-11-23,Martha Wallace,MARTHA WALLACE,1999-11-24
699607,9652,November,2015,2000-12-04,Natalie Thompson,Natalie,2000-12-09
265317,4193,June,2015,2001-07-06,Allison Vaughn,Allison Vaughn Heather,2001-07-06
234981,3041,November,2021,2006-05-25,Barbara Miller,Miller Barbara,2006-05-20
923297,6546,November,2015,2008-01-24,Anthony Waller,Anthony Waller,2008-01-24
350808,1750,November,2023,2003-05-26,Stephanie Nicholson,stephanie nicholson,2003-05-31
379372,7331,November,2023,2008-03-31,David Bauer,david bauer,2008-03-30
241506,5063,June,2021,2006-07-27,Kyle Cisneros,KYLE CISNEROS,2006-07-28
738701,6620,June,2021,2005-09-19,Ruth Moon DDS,Ruth Moon,2005-09-19
422524,5397,June,2017,2000-04-20,Scott Powell,SCOTT POWELL,2000-04-20
742271,2830,November,2015,2003-03-08,Felicia Coleman,Felicia,2003-03-13
210729,4363,November,2016,2007-08-09,Alexandra Johnston,Alexandra,2007-08-10
953140,8219,June,2017,2008-03-19,Michael Butler,Michael Butler,2008-03-20
